19099,I,
7725,B
6935,B
10616,P
6648,B
7431,B
6928,B
9886,P
6660,B
7190,B
6882,B
9942,P
7069,B
7160,B
9726,P
6906,B
7000,B
9072,P
6810,B
7918,B
7048,B
9011,P
6936,B
7593,B
7026,B
8952,P
6590,B
8502,P
7012,B
7004,B
9732,P
7223,B
7951,B
6796,B
10238,P
7077,B
6889,B
9530,P
6640,B
7642,B
7016,B
9946,P
6974,B
7736,B
7322,B
9547,P
7277,B
7241,B
9474,P
7404,B
7451,B
10148,P
7089,B
8155,B
7404,B
10780,P
6939,B
7820,B
7418,B
11687,P
7531,B
7500,B
10232,P
8836,P
7826,B
7471,B
10058,P
8729,P
7694,B
7522,B
10816,P
9129,P
7765,B
7438,B
10633,P
7298,B
7488,B
9570,P
6905,B
8064,B
7297,B
11334,P
8677,P
8933,P
7419,B
7835,B
7099,B
11775,P
7333,B
7872,B
6839,B
11365,P
7122,B
9294,P
8574,P
7439,B
9442,P
7073,B
8006,B
7488,B
11719,P
7155,B
8046,B
7319,B
11657,P
7049,B
7805,B
7374,B
10821,P
7885,B
8306,B
10656,P
8121,B
7580,B
10655,P
8086,B
7285,B
10406,P
7319,B
8019,B
7266,B
10678,P
7629,B
7068,B
10235,P
7116,B
7848,B
6846,B
9842,P
7019,B
7802,B
6915,B
9565,P
7068,B
7548,B
6771,B
8678,P
6933,B
7502,B
6658,B
8768,P
7361,B
6859,B
9422,P
7395,B
8222,B
7144,B
9378,P
7333,B
8715,P
