11342,I,
4616,B
3895,B
6570,P
4000,B
4663,B
4059,B
6363,P
4168,B
4588,B
4334,B
6539,P
4579,B
4549,B
6232,P
4784,B
4981,B
7020,P
5125,B
6234,B
5544,B
7653,P
5633,B
6477,B
5755,B
7748,P
5595,B
7374,P
5864,B
5786,B
8342,P
6001,B
6764,B
5717,B
8771,P
6104,B
5801,B
8139,P
5743,B
6697,B
6039,B
8658,P
6131,B
6792,B
6414,B
8829,P
6589,B
6575,B
8584,P
6693,B
6818,B
9131,P
6358,B
7300,B
6664,B
9725,P
6357,B
7215,B
6670,B
10688,P
6933,B
6841,B
9223,P
8169,P
7321,B
6972,B
8965,P
8179,P
7108,B
7052,B
9747,P
8252,P
7230,B
6961,B
9684,P
6901,B
6950,B
8840,P
6477,B
7603,B
6785,B
10383,P
8026,P
8423,P
7016,B
7475,B
6833,B
10899,P
6807,B
7416,B
6424,B
10609,P
6745,B
8858,P
8173,P
7068,B
8863,P
6588,B
7581,B
6975,B
11118,P
6627,B
7539,B
6899,B
10925,P
6669,B
7343,B
7044,B
10054,P
7501,B
7746,B
10028,P
7497,B
7106,B
10025,P
7698,B
6940,B
9925,P
7215,B
7879,B
6995,B
10502,P
7478,B
6929,B
9597,P
6979,B
7589,B
6655,B
9528,P
6743,B
7587,B
6709,B
9000,P
6850,B
7401,B
6607,B
8420,P
6750,B
7294,B
6488,B
8860,P
7163,B
6853,B
8508,P
6861,B
7641,B
6705,B
8535,P
6667,B
7523,P
