8894,I,
3015,B
2436,B
4749,P
2522,B
2928,B
2516,B
4392,P
2539,B
2857,B
2551,B
4343,P
2901,B
2731,B
4082,P
2934,B
2800,B
3842,P
2750,B
3358,B
2739,B
4138,P
2703,B
3218,B
2714,B
4051,P
2526,B
3672,P
2851,B
2474,B
4213,P
2479,B
3199,B
2521,B
4517,P
2642,B
2402,B
4038,P
2398,B
2971,B
2553,B
4312,P
2697,B
3053,B
2623,B
4184,P
2895,B
2752,B
4233,P
3001,B
2936,B
4352,P
2682,B
3305,B
2794,B
4696,P
2648,B
3288,B
2722,B
5116,P
3009,B
2802,B
4192,P
3752,P
3038,B
2727,B
4068,P
3612,P
3016,B
2827,B
4497,P
3682,P
2920,B
2819,B
4504,P
2827,B
2708,B
4094,P
2406,B
3238,B
2744,B
4750,P
3517,P
3735,P
2758,B
3369,B
2796,B
5133,P
2820,B
3212,B
2576,B
4993,P
2612,B
4078,P
3720,P
2784,B
4153,P
2702,B
3367,B
2833,B
5317,P
2616,B
3321,B
2615,B
5422,P
2700,B
3096,B
2728,B
4837,P
3253,B
3225,B
4732,P
3208,B
2814,B
4592,P
3054,B
2739,B
4552,P
2819,B
3397,B
2779,B
4678,P
3016,B
2803,B
4216,P
2599,B
3250,B
2673,B
4210,P
2619,B
3277,B
2535,B
4227,P
2644,B
3108,B
2581,B
3688,P
2569,B
3025,B
2558,B
3872,P
2931,B
2566,B
3787,P
2432,B
3100,B
2494,B
3550,P
2268,B
2818,P
