decode_order,pict_type,pts,dts,pts_time,dts_time,key
0,I,0,0,0.000000,0.000000,K
1,P,512,512,0.033333,0.033333,
2,P,1024,1024,0.066667,0.066667,
3,P,1536,1536,0.100000,0.100000,
4,P,2048,2048,0.133333,0.133333,
5,P,2560,2560,0.166667,0.166667,
6,P,3072,3072,0.200000,0.200000,
7,P,3584,3584,0.233333,0.233333,
8,P,4096,4096,0.266667,0.266667,
9,P,4608,4608,0.300000,0.300000,
10,P,5120,5120,0.333333,0.333333,
11,P,5632,5632,0.366667,0.366667,
12,I,6144,6144,0.400000,0.400000,K
13,P,6656,6656,0.433333,0.433333,
14,P,7168,7168,0.466667,0.466667,
15,P,7680,7680,0.500000,0.500000,
16,P,8192,8192,0.533333,0.533333,
17,P,8704,8704,0.566667,0.566667,
18,P,9216,9216,0.600000,0.600000,
19,P,9728,9728,0.633333,0.633333,
20,P,10240,10240,0.666667,0.666667,
21,P,10752,10752,0.700000,0.700000,
22,P,11264,11264,0.733333,0.733333,
23,P,11776,11776,0.766667,0.766667,
24,I,12288,12288,0.800000,0.800000,K
25,P,12800,12800,0.833333,0.833333,
26,P,13312,13312,0.866667,0.866667,
27,P,13824,13824,0.900000,0.900000,
28,P,14336,14336,0.933333,0.933333,
29,P,14848,14848,0.966667,0.966667,
30,P,15360,15360,1.000000,1.000000,
31,P,15872,15872,1.033333,1.033333,
32,P,16384,16384,1.066667,1.066667,
33,P,16896,16896,1.100000,1.100000,
34,P,17408,17408,1.133333,1.133333,
35,P,17920,17920,1.166667,1.166667,
36,I,18432,18432,1.200000,1.200000,K
37,P,18944,18944,1.233333,1.233333,
38,P,19456,19456,1.266667,1.266667,
39,P,19968,19968,1.300000,1.300000,
40,P,20480,20480,1.333333,1.333333,
41,P,20992,20992,1.366667,1.366667,
42,P,21504,21504,1.400000,1.400000,
43,P,22016,22016,1.433333,1.433333,
44,P,22528,22528,1.466667,1.466667,
45,P,23040,23040,1.500000,1.500000,
46,P,23552,23552,1.533333,1.533333,
47,P,24064,24064,1.566667,1.566667,
48,I,24576,24576,1.600000,1.600000,K
49,P,25088,25088,1.633333,1.633333,
50,P,25600,25600,1.666667,1.666667,
51,P,26112,26112,1.700000,1.700000,
52,P,26624,26624,1.733333,1.733333,
53,P,27136,27136,1.766667,1.766667,
54,P,27648,27648,1.800000,1.800000,
55,P,28160,28160,1.833333,1.833333,
56,P,28672,28672,1.866667,1.866667,
57,P,29184,29184,1.900000,1.900000,
58,P,29696,29696,1.933333,1.933333,
59,P,30208,30208,1.966667,1.966667,
